IMG_20210905_131227.jpg,down,1093.1265,2104.8735,-1916.3676,1125.5925,2055.0654,-1874.0648,1144.2867,2053.3425,-1874.0483,1158.282,2051.5908,-1874.4071,1064.0139,2052.4517,-1859.4213,1045.9021,2049.2004,-1859.5669,1029.76,2045.533,-1859.4923,1187.4285,2048.9185,-1439.81,1008.4375,2042.0573,-1365.7101,1129.2867,2144.914,-1739.3196,1064.5773,2148.705,-1719.1316,1315.2924,2202.0088,-1080.5067,900.14276,2228.0886,-923.1775,1380.5479,2547.1548,-1594.2764,789.9184,2579.3088,-1504.0946,1132.3701,2405.9756,-2295.137,964.70544,2429.0713,-2305.0166,1062.6031,2361.541,-2454.6697,1004.8469,2364.591,-2465.8967,1064.1588,2323.445,-2356.49,1002.4299,2324.619,-2369.8257,1080.7183,2327.5422,-2261.842,1001.4519,2335.6968,-2278.819,1229.3088,2571.7832,-55.00128,1018.5041,2574.8733,54.822685,1395.695,2706.8564,-1447.5426,755.41754,2721.9028,-1147.303,1375.402,3051.437,-505.75937,873.48737,3026.229,-278.12048,1338.5505,3082.5947,-439.06497,915.5735,3082.0906,-216.97923,1411.0671,3215.47,-944.76624,731.50415,3180.9128,-668.45105
IMG_20210905_131228.jpg,down,1054.4885,1864.2852,-1931.4574,1089.4678,1822.0898,-1876.5237,1105.1888,1821.4603,-1876.5098,1119.8978,1820.7384,-1876.8113,1025.0364,1817.6571,-1871.6012,1008.0528,1815.2306,-1871.8223,996.0841,1813.4452,-1871.718,1152.9432,1821.6057,-1414.1838,974.3507,1814.554,-1389.9924,1084.8219,1906.1387,-1747.1243,1020.2004,1908.1095,-1741.2032,1266.1035,1993.4698,-1058.4037,844.1329,2001.4287,-947.0465,1321.1515,2338.0618,-1576.682,734.4813,2344.3088,-1511.8523,1085.6204,2178.754,-2315.026,918.91626,2206.4553,-2314.7053,1021.67206,2138.8923,-2474.3357,959.39496,2155.643,-2475.43,1026.323,2096.2964,-2371.1184,958.7084,2109.5674,-2376.5042,1043.5541,2103.7651,-2280.3904,954.0664,2119.3005,-2285.9907,1165.7784,2357.0144,-46.21616,952.4252,2354.948,46.24697,1333.6349,2502.6416,-1474.7391,698.1055,2491.466,-1233.4457,1291.7712,2810.5603,-453.05075,808.2017,2785.925,-263.07486,1259.8816,2843.9038,-380.41684,850.7748,2841.0903,-193.42578,1319.4524,2978.8838,-894.7053,671.10004,2927.2834,-647.73724
IMG_20210905_131236.jpg,down,1269.1445,2127.329,-1740.9855,1283.852,2074.0781,-1662.275,1297.9728,2071.5776,-1662.4614,1309.2096,2069.1436,-1663.0139,1235.6517,2078.3633,-1701.7318,1214.1646,2078.4434,-1701.9506,1192.2852,2078.052,-1701.9102,1300.3792,2074.807,-1178.9276,1140.6106,2086.7178,-1339.9811,1289.912,2165.9534,-1551.8884,1237.0188,2177.0051,-1599.4292,1378.149,2247.7742,-797.3309,972.06,2302.0635,-1080.4757,1571.8799,2544.6921,-1344.8599,980.9626,2643.9233,-1544.6793,1417.0088,2393.294,-2110.8098,1246.8196,2450.1604,-1961.6656,1357.2206,2345.4062,-2255.8997,1298.01,2390.9612,-2079.1763,1351.9293,2313.471,-2114.9924,1284.5623,2351.0005,-1983.8749,1358.6223,2319.6653,-2065.9043,1274.3867,2365.144,-1921.3739,1253.8472,2640.275,64.387215,1050.8759,2655.8286,-64.022194,1512.2273,2679.0085,-1369.5137,897.3548,2789.5186,-1447.6632,1400.3756,3005.9673,-298.18536,912.3474,3119.9253,-423.5529,1360.9553,3049.934,-207.57664,938.09326,3154.3306,-339.68286,1520.1285,3156.9187,-619.8348,871.83563,3293.1133,-806.6119
IMG_20210905_131237.jpg,down,1390.8833,2011.0944,-1590.6962,1409.7391,1957.065,-1510.8759,1423.4265,1955.2692,-1511.0986,1434.6519,1953.0793,-1511.5984,1362.0159,1961.7163,-1556.4792,1341.0011,1963.2184,-1556.6536,1318.3079,1964.2834,-1556.6772,1423.9406,1963.1334,-1031.9319,1263.0261,1975.3447,-1224.1573,1405.3688,2050.9219,-1404.9829,1355.6416,2060.2075,-1461.6345,1498.2709,2147.46,-646.7118,1094.6611,2182.3684,-983.30536,1670.418,2444.6611,-1152.2487,1106.7126,2508.427,-1409.8958,1539.1565,2292.5725,-1949.517,1370.4495,2325.3154,-1815.5619,1498.2305,2254.2686,-2096.0244,1419.403,2284.9207,-1932.8,1480.4722,2209.8506,-1986.563,1406.6569,2240.186,-1842.8984,1487.5911,2215.417,-1918.9462,1395.3251,2249.7576,-1777.2611,1358.728,2524.0425,79.12866,1152.2903,2531.6628,-78.73222,1612.21,2630.0386,-1155.2198,1017.6786,2718.3357,-1424.1581,1489.2383,2923.7192,-227.56314,1013.373,3024.5635,-427.36047,1445.2262,2966.2551,-150.06577,1033.2853,3057.8962,-342.51727,1608.9623,3071.4282,-534.6448,983.91864,3186.728,-759.53
IMG_20210905_131241.jpg,down,1396.1716,2020.3489,-1253.2128,1396.6333,1970.6385,-1168.0284,1401.1687,1969.1008,-1168.6207,1405.6241,1966.8105,-1169.108,1371.8574,1974.1433,-1294.3223,1355.8539,1975.1841,-1294.4397,1337.8262,1975.9375,-1294.2606,1363.4271,1990.7462,-708.9757,1255.9503,1993.768,-1258.6086,1390.3127,2070.1375,-1073.4838,1362.8528,2072.6597,-1232.5314,1359.7008,2215.297,-307.20163,1032.2584,2230.6223,-1287.781,1572.9337,2446.1394,-831.72614,1177.4366,2579.7495,-1425.001,1575.6047,2306.4314,-1882.5135,1436.9932,2369.4543,-1210.4163,1580.1497,2261.422,-2055.126,1490.4363,2315.045,-1302.7078,1553.8607,2233.8179,-1972.4869,1461.3883,2272.3123,-1282.3741,1543.4395,2243.531,-1882.331,1441.5624,2284.7974,-1188.7976,1117.8966,2609.601,282.68274,895.1771,2612.3667,-281.34763,1471.0342,2678.1238,-393.6337,1027.668,2835.9504,-1760.5792,1296.9105,3014.5227,525.35187,912.9067,3252.5356,-1283.1221,1231.1246,3070.9377,602.8699,872.5031,3312.8813,-1252.7762,1481.4242,3140.1353,298.98404,997.01624,3461.5547,-1763.467
IMG_20210905_131243.jpg,down,1344.5198,2193.191,-1267.2476,1345.021,2144.439,-1172.4236,1350.9235,2143.0894,-1172.9098,1356.2654,2141.3303,-1173.3622,1312.2483,2148.0427,-1272.0653,1293.1019,2147.5942,-1272.3364,1272.8269,2146.313,-1272.2919,1316.3004,2160.1934,-681.71606,1206.2076,2159.8823,-1113.5343,1338.7689,2235.477,-1081.0508,1306.2999,2242.9824,-1206.3367,1340.8755,2366.0818,-250.8568,1005.9297,2399.3767,-1149.4647,1522.8704,2596.098,-826.16736,1172.8717,2773.063,-1299.8063,1533.6512,2478.2405,-1828.2373,1413.4465,2521.6968,-1112.1511,1539.2479,2425.4397,-1981.1938,1460.7977,2470.4792,-1202.1659,1504.8934,2397.3767,-1901.2062,1436.4698,2430.8992,-1183.4128,1487.9285,2407.8257,-1827.5605,1415.8208,2446.9556,-1094.7587,1106.1385,2747.8157,268.71912,893.1449,2760.2368,-267.0861,1451.1251,2710.5933,-462.2438,1024.8506,2884.2195,-1855.573,1288.0201,3068.7603,465.3961,904.0255,3290.912,-1240.9805,1226.9192,3120.5237,548.7605,859.827,3338.74,-1193.0642,1477.0625,3178.6226,300.79004,995.6104,3487.6704,-1661.5933
IMG_20210905_131250.jpg,down,1555.5078,2038.3431,-696.2851,1551.7391,1993.8961,-617.65314,1551.5046,1992.0543,-617.8805,1550.8704,1990.2333,-618.1807,1537.1047,1994.3477,-758.8279,1526.0343,1993.194,-759.3501,1514.0627,1992.7408,-759.2948,1479.93,2002.414,-194.77055,1440.7753,2009.5984,-819.8834,1537.2681,2083.4116,-530.62885,1521.4153,2080.941,-710.5779,1421.935,2206.3086,282.74573,1244.0054,2275.0217,-1017.6707,1594.673,2514.3027,-11.405113,1431.4142,2632.7021,-908.01,1647.437,2329.733,-882.6648,1652.6713,2358.902,-247.77988,1690.4144,2261.926,-1004.1691,1690.9945,2287.4946,-276.1573,1660.931,2249.4956,-941.4559,1665.7412,2273.529,-322.74728,1635.5864,2274.2197,-888.4286,1645.3572,2297.0042,-242.73183,1130.1825,2639.425,440.15198,966.3517,2699.955,-439.0177,1483.5625,2604.6858,143.47763,1350.1465,2793.5664,-1707.8179,1254.7657,2893.7207,1016.3718,1114.1025,3210.2373,-1231.8324,1203.1017,2905.1118,1109.9348,1043.8839,3272.0432,-1179.4414,1386.0426,2986.9485,1105.3668,1290.705,3361.8657,-1383.0939
IMG_20210905_131257.jpg,down,1442.6595,2166.8225,-179.29294,1434.8518,2119.923,-131.49654,1432.8501,2117.9175,-131.94026,1430.1136,2115.2405,-132.26924,1424.4424,2122.066,-301.10544,1415.6855,2121.8928,-301.55862,1406.0995,2121.377,-301.66693,1361.9624,2120.0613,162.3873,1343.8761,2129.5046,-592.5465,1421.4976,2206.9133,-49.338604,1407.3077,2207.4417,-267.98755,1212.9532,2331.3896,681.24896,1176.6042,2386.4724,-896.1355,1449.8447,2540.5344,936.35,1463.5026,2674.6052,-741.3608,1569.5042,2369.0828,776.3702,1569.7803,2397.6335,21.987204,1611.6158,2299.706,777.5686,1608.4332,2341.056,-0.20672707,1574.9187,2278.1584,805.01544,1577.4539,2313.9946,-26.144083,1550.6282,2298.9639,772.1421,1558.3062,2330.5305,36.384396,933.9366,2822.7476,515.9971,850.708,2907.788,-514.77075,1295.9877,2814.1558,1251.4291,1359.2723,2931.2808,-1355.3312,1053.2771,3070.3828,1949.8446,1103.6757,3409.6675,-1391.9559,990.66736,3090.0452,2023.0547,1023.48975,3472.676,-1391.5332,1153.9213,3134.8413,2048.5562,1329.4427,3513.0237,-1599.5671
IMG_20210905_131306.jpg,down,1472.1635,2138.9055,-26.596373,1450.6445,2095.7815,-1.2263978,1443.328,2093.2976,-1.3461882,1435.4756,2090.63,-1.4438521,1455.8004,2100.9482,-148.28537,1453.066,2102.129,-148.55472,1449.772,2102.739,-148.57382,1383.087,2110.4236,210.5173,1407.0835,2119.4915,-449.69043,1446.7101,2178.8257,75.391106,1452.6526,2182.1973,-116.92485,1195.4453,2327.1155,700.945,1354.0994,2381.352,-725.76117,1392.5552,2551.7354,1190.8767,1626.4967,2615.2495,-513.4448,1533.0374,2357.4436,1488.8818,1638.8467,2352.4822,255.70377,1530.6547,2279.4019,1586.9297,1668.767,2281.7964,250.45416,1541.0404,2297.1313,1594.6934,1621.8295,2288.5454,249.03148,1524.3667,2323.1394,1496.2079,1600.4401,2317.848,276.59094,964.2667,2852.2017,482.77863,1024.0146,2931.3452,-482.18265,1363.7177,2758.0107,1466.2637,1560.179,2860.8767,-717.8885,1184.4401,3095.9355,2134.038,1325.6494,3336.2764,-742.4529,1155.9998,3176.5925,2207.3928,1245.5223,3416.6062,-730.9173,1358.3309,3121.782,2297.0642,1547.5695,3405.1963,-783.90643
IMG_20210905_131307.jpg,down,1492.0896,2144.3616,-65.34547,1468.2765,2099.5046,-38.49769,1461.938,2097.2798,-38.665447,1454.8048,2094.6775,-38.782787,1470.3151,2104.3933,-190.27113,1466.3988,2105.775,-190.59001,1461.9763,2106.6526,-190.63718,1401.1843,2113.3118,183.48244,1416.5762,2123.3623,-498.2525,1471.378,2185.496,40.564457,1472.2472,2188.0063,-157.74898,1212.9167,2327.0417,684.17474,1356.7578,2390.0847,-782.7648,1405.2239,2550.1865,1171.9683,1630.039,2619.1655,-564.79285,1551.3187,2347.0967,1425.2972,1653.559,2348.2717,222.41435,1543.7324,2290.1675,1511.1278,1680.8376,2281.7725,214.16966,1554.8467,2284.728,1512.6294,1635.2063,2285.9077,202.27055,1535.9664,2311.4404,1427.7429,1617.3552,2309.047,240.45018,987.2015,2855.8835,495.19955,1013.752,2940.4998,-494.3783,1381.089,2748.7915,1464.6521,1555.072,2870.2834,-829.4092,1204.145,3076.6091,2213.5708,1328.881,3341.876,-830.5635,1181.6987,3163.0874,2293.6904,1249.4254,3416.6572,-819.17706,1379.6099,3106.5596,2389.9832,1562.881,3407.9207,-885.4487
IMG_20210905_131313.jpg,down,1318.9744,1777.6154,644.98315,1300.1709,1729.0345,613.9616,1288.5654,1723.8795,614.0232,1274.7549,1718.7482,614.10065,1315.9321,1739.3291,518.02014,1317.0858,1741.4313,517.7668,1317.8639,1743.1814,517.60315,1221.8557,1736.0054,528.27167,1291.9443,1756.1276,101.156845,1291.0369,1814.0383,638.82227,1310.239,1822.1835,513.9278,1010.6316,1935.825,768.2078,1268.5731,1993.487,-232.40247,1128.9897,2180.0442,1335.5449,1513.009,2201.1396,157.25583,1244.331,2042.1747,1992.5134,1420.1792,2012.8779,1178.2302,1246.3466,1982.914,2164.1328,1411.3647,1951.6525,1298.1727,1263.7788,1974.2445,2204.5596,1379.136,1949.6803,1332.7325,1266.6387,1998.6871,2030.4784,1367.5033,1971.8011,1227.367,816.26917,2500.708,347.86002,978.0941,2544.388,-348.723,1043.8641,2502.0732,1598.76,1446.797,2584.408,-174.39397,922.182,2874.3418,1628.3734,1270.232,3060.0093,-751.4078,871.223,2943.936,1634.8157,1207.2937,3156.4556,-791.3741,1028.3306,2888.2595,1745.78,1443.5803,3077.7468,-759.5816
IMG_20210905_131320.jpg,down,1269.8787,2008.3076,566.0304,1252.2268,1977.8655,479.12125,1237.4922,1977.9305,479.2207,1222.7534,1978.5448,479.33215,1292.8372,1981.7576,442.3695,1304.7382,1984.1381,442.31744,1316.4967,1986.281,441.9795,1200.2786,2002.4857,210.21869,1326.5332,2009.0399,44.434975,1246.9276,2040.3145,498.7956,1292.2922,2045.883,452.1048,1054.3378,2197.6926,342.03128,1428.9535,2242.7837,-201.35927,1134.8209,2336.4285,974.7179,1554.5822,2433.5012,247.69081,1240.6339,2217.717,1621.8369,1430.7266,2339.3726,1190.3844,1236.8295,2195.179,1755.7549,1430.1113,2314.5762,1297.894,1260.6846,2188.0408,1759.6802,1384.4695,2288.6667,1314.8918,1273.9117,2201.261,1641.7584,1373.1102,2299.6206,1221.3876,1006.69006,2798.8884,263.4712,1221.838,2833.0903,-265.7923,1008.69867,2697.6116,1448.7792,1568.2504,2670.4934,418.35425,976.3151,3029.178,1821.6858,1445.4689,3115.2903,621.51953,971.3339,3095.7207,1875.2391,1402.9738,3212.18,663.29956,962.443,3078.5964,2076.991,1598.2516,3111.2517,887.3731
IMG_20210905_131331.jpg,down,1234.7742,1912.8699,634.6071,1215.914,1884.1531,501.63287,1201.6057,1886.4487,501.76367,1187.8435,1888.6742,501.78674,1258.0652,1878.818,524.9337,1272.6252,1877.8754,525.02606,1288.2686,1876.6652,524.7719,1175.5065,1914.1023,70.329056,1313.9755,1897.4006,170.46909,1214.908,1948.3713,505.29327,1260.0709,1946.1061,535.3389,1077.2549,2152.1577,-271.2455,1478.754,2156.4177,209.78526,957.2089,2349.6208,41.80721,1456.7554,2375.7402,609.24146,1081.9012,2238.488,718.4702,1359.8452,2299.1409,1233.6951,1084.1143,2187.672,742.9249,1334.5692,2290.2356,1318.085,1144.4318,2189.9053,751.88525,1302.8654,2274.3625,1347.4641,1153.6859,2203.2407,736.01056,1303.9674,2274.2227,1256.2632,1188.1641,2720.4265,-170.23729,1448.3563,2735.7854,168.26115,932.8157,2578.3723,901.06775,1491.2888,2571.59,1413.3995,1009.0704,3026.0425,1234.118,1545.5796,2983.903,1845.9647,1027.7222,3097.8647,1300.8171,1558.086,3052.6978,1903.7468,894.98206,2998.9253,1572.1017,1515.3546,3007.147,2127.5078
IMG_20210905_131348.jpg,down,938.5305,2047.1364,-380.30756,962.48816,2004.5925,-505.1832,968.2608,2004.8799,-505.1238,974.49884,2005.0785,-505.42126,961.3871,2003.8849,-368.8431,966.0811,2003.8849,-368.919,971.30975,2003.4407,-368.8402,1034.2968,2029.1792,-768.81836,1033.3801,2021.173,-164.0748,963.7794,2103.3245,-458.6534,963.5075,2100.5305,-283.5187,1108.2633,2280.1863,-1082.1971,1202.2604,2240.6992,361.8315,782.58636,2528.5005,-848.6977,1001.3726,2457.5234,717.80597,799.6572,2266.666,-51.877018,855.4799,2269.5496,811.2121,777.8801,2205.2375,-75.198715,833.7435,2209.6846,851.12213,837.26245,2206.0981,-146.11186,883.6942,2206.262,870.283,859.0625,2227.4243,-56.158386,906.37915,2226.5913,818.06464,1407.7158,2832.836,-480.85294,1403.9519,2759.2366,481.30927,898.1908,2803.2039,-647.49817,1026.4335,2634.2842,1482.7125,1121.8127,3255.1628,-510.01624,1166.8103,2964.372,2142.1257,1188.869,3333.6953,-479.5,1291.0339,3027.919,2205.6643,896.3512,3318.0522,-483.77225,1040.8259,3034.776,2312.7493
IMG_20210905_131439.jpg,down,1240.0039,1854.1418,-710.76056,1278.097,1798.3419,-782.42096,1295.2677,1797.4463,-782.35614,1314.2299,1797.9238,-782.7587,1244.5001,1802.0586,-646.69586,1237.0106,1802.8594,-646.8485,1229.8416,1803.0773,-646.74384,1390.5596,1829.1813,-831.5014,1308.0803,1814.5864,-240.60469,1279.8751,1916.2078,-719.3491,1246.5393,1912.7642,-549.542,1554.8622,2103.7097,-1059.9705,1393.0808,2085.537,298.284,1297.813,2470.4717,-1026.7457,1268.7363,2327.1953,-13.2731905,1086.592,2187.1213,-333.85504,1104.632,2190.8208,-824.38055,1023.5818,2115.1077,-335.6394,1042.064,2108.9324,-903.2883,1063.0945,2088.043,-346.08514,1082.643,2088.61,-856.5447,1100.7521,2113.1187,-308.4091,1117.0995,2114.6318,-834.1753,1847.349,2622.082,-394.1718,1681.7457,2553.3538,393.88434,1401.2078,2742.7153,-1260.0867,1330.5352,2604.8533,496.03116,1679.2908,3168.1143,-1050.2281,1514.0685,2950.6465,845.6462,1753.8538,3242.8118,-1021.0596,1607.1288,3002.3699,877.4252,1455.2069,3333.5684,-1234.7443,1360.8898,2995.3418,820.9481
IMG_20210905_131456.jpg,down,990.8273,2019.1537,-553.642,1019.0308,1968.7753,-647.96747,1030.9559,1966.7065,-647.91266,1044.0768,1964.7383,-648.2073,1000.4965,1972.5317,-488.50656,999.1631,1972.7109,-488.69598,997.7966,1972.6395,-488.66833,1127.9187,1983.4814,-813.47107,1083.9409,1975.2031,-113.746376,1025.0261,2072.253,-607.68146,1007.0425,2071.4968,-406.4538,1303.5542,2242.3628,-1063.1243,1143.0988,2222.3032,367.5436,1077.532,2623.8525,-957.66394,1039.2257,2508.2905,-50.13218,870.3404,2344.4338,-229.30544,878.44305,2360.234,-980.31836,808.8483,2279.0554,-251.80643,814.4748,2287.8425,-1066.5463,849.70166,2244.5364,-264.16476,860.0833,2258.8955,-1034.67,886.08795,2256.9846,-204.98195,897.3177,2289.0232,-997.3499,1598.1733,2734.883,-440.3085,1439.5667,2676.3137,440.27173,1150.4456,2857.1611,-1356.4022,1045.4131,2656.9194,1008.69916,1436.9514,3262.6191,-1111.4547,1263.394,2994.907,1589.805,1516.0758,3339.3352,-1077.6036,1350.7584,3043.667,1645.4187,1224.1844,3433.6614,-1260.296,1088.2623,3058.9207,1663.1411
IMG_20210905_131519.jpg,down,1090.0261,2119.126,-1512.562,1137.993,2070.8257,-1509.2949,1158.7682,2072.8792,-1508.8657,1176.6666,2074.2454,-1508.9493,1080.0803,2062.619,-1443.6436,1066.2885,2059.8157,-1443.881,1055.3796,2057.479,-1443.97,1227.0894,2083.841,-1257.5105,1091.4216,2063.7583,-972.56256,1132.3401,2169.0154,-1405.3248,1078.9648,2167.5964,-1325.1051,1393.3177,2292.5789,-1216.7511,1052.7831,2302.0764,-504.8441,1294.3396,2660.6338,-1637.7018,806.1033,2560.5447,-1152.4972,990.1272,2394.9736,-1840.8846,885.606,2397.183,-1985.0634,929.1923,2339.2212,-1956.8065,882.951,2332.9685,-2109.1208,948.6993,2305.4507,-1892.6923,903.2981,2311.5994,-2014.7802,971.35785,2313.349,-1814.4066,919.3789,2329.6123,-1965.5675,1483.6398,2680.273,-231.20131,1277.7142,2688.0876,230.93665,1378.3534,2820.569,-1572.7513,922.68744,2711.3267,-568.186,1497.6432,3229.236,-999.4307,1113.4905,3036.2827,-17.418663,1543.0797,3287.5344,-948.81903,1168.4304,3100.4065,26.706903,1388.5542,3434.7678,-1357.4346,931.2481,3169.649,-243.97408
IMG_20210905_131530.jpg,down,1089.9243,2230.8381,-1767.578,1122.902,2182.7717,-1700.3683,1139.8524,2181.1182,-1700.2771,1156.3613,2179.518,-1700.6237,1055.9988,2185.7173,-1697.4911,1036.0244,2185.4263,-1697.7107,1022.0458,2184.5178,-1697.6644,1190.5602,2187.427,-1218.9553,1000.85364,2191.3003,-1205.5929,1123.5898,2276.5066,-1579.4258,1055.2173,2280.4658,-1577.5989,1309.1112,2364.974,-895.54395,888.2744,2398.0544,-826.8465,1428.5032,2708.2502,-1483.2377,751.48834,2757.948,-1448.9436,1153.5303,2533.1357,-2222.591,967.30023,2566.71,-2161.8674,1078.2201,2499.9465,-2375.9343,1024.4271,2513.5288,-2300.5327,1079.0781,2449.172,-2246.624,1017.90546,2461.418,-2179.1,1093.4355,2460.4294,-2177.6047,1013.8994,2481.651,-2119.0527,1243.2057,2802.0273,-35.027466,1023.9281,2815.2747,35.16814,1437.8424,2860.4763,-1669.6351,753.99585,2898.2195,-1464.836,1397.5183,3197.6812,-437.2648,885.1933,3206.3247,-252.89839,1369.4899,3240.927,-341.47107,933.7519,3251.0405,-156.77063,1438.1746,3406.1646,-864.8271,769.71674,3392.5264,-616.5362
IMG_20210905_131540.jpg,down,1323.9471,2038.4243,-1662.5297,1340.2197,1979.2863,-1584.1132,1352.4277,1977.3793,-1584.2373,1363.6162,1975.7535,-1584.7817,1293.8602,1984.2747,-1623.5894,1267.4907,1985.2496,-1623.7637,1243.5967,1986.2098,-1623.7096,1363.26,1993.9357,-1103.3135,1192.3204,2001.4294,-1272.8027,1337.3302,2088.8508,-1475.8179,1283.6759,2095.5598,-1526.0131,1440.709,2201.8943,-738.4335,1004.6784,2234.514,-1016.4032,1672.6956,2492.5781,-1314.0051,991.80743,2608.7878,-1500.4064,1473.2954,2320.712,-2049.3604,1273.9174,2388.0505,-1900.6544,1412.5894,2286.4514,-2187.9868,1340.8644,2325.2014,-2008.59,1403.0845,2246.1091,-2033.4043,1334.8165,2280.5051,-1910.391,1410.0471,2254.5298,-1997.071,1321.6005,2298.1382,-1857.4312,1316.8138,2592.2566,66.92912,1094.4932,2611.3242,-66.82729,1590.0533,2639.0757,-1456.7378,936.1618,2738.9275,-1665.4047,1448.4956,2977.2092,-382.05093,951.3741,3103.2844,-626.0378,1399.8135,3032.25,-289.09384,965.7124,3139.7417,-537.39526,1588.3733,3141.5532,-692.5029,933.5656,3310.7305,-995.7961
IMG_20210905_131550.jpg,down,1339.1127,2129.7344,-1112.6858,1344.7599,2086.8945,-1036.3325,1350.2358,2084.3052,-1036.684,1355.7812,2081.3225,-1037.0565,1318.5665,2089.508,-1142.2017,1303.1091,2088.667,-1142.4547,1283.7037,2087.8655,-1142.3905,1316.1456,2103.9148,-617.34,1199.347,2105.3032,-1078.1045,1333.5265,2163.1506,-949.4586,1304.2477,2167.0527,-1082.7001,1324.1239,2302.0444,-231.59294,1020.91626,2322.2563,-1074.2279,1541.786,2490.8088,-692.09204,1174.87,2649.1973,-1182.033,1484.9539,2338.0837,-1545.2223,1379.641,2401.4172,-956.3137,1478.4419,2284.058,-1679.9209,1419.9971,2341.037,-1018.72546,1446.3909,2271.6455,-1586.62,1404.3064,2311.7788,-1008.8862,1438.5443,2284.5857,-1533.601,1386.7057,2332.9475,-938.78235,1100.8517,2642.2078,251.11328,904.52094,2654.32,-249.99391,1413.6455,2625.9702,-413.29324,1036.422,2761.537,-1514.5999,1259.0475,2948.938,201.93774,932.7708,3162.37,-1132.1986,1197.1774,3005.4172,257.33435,892.2857,3215.255,-1103.6758,1420.8723,3057.1086,19.91783,1036.5719,3334.9497,-1496.0065
IMG_20210905_131621.jpg,down,1190.0328,2173.6404,-187.89322,1179.2504,2131.1172,-160.78255,1176.0143,2129.2476,-161.05992,1172.1392,2127.0,-161.23035,1176.2759,2132.819,-293.97556,1171.2837,2132.361,-294.25763,1165.7386,2131.628,-294.29987,1114.9241,2138.615,50.33194,1112.2625,2142.9612,-547.4735,1173.9498,2210.252,-91.9647,1168.242,2209.2615,-265.4828,943.83514,2336.2874,496.24496,1038.0012,2385.21,-773.5204,1158.2946,2525.5938,804.671,1287.3102,2592.3525,-630.6128,1268.0924,2336.1143,867.1693,1322.4865,2354.1475,-16.137419,1295.4675,2281.9268,904.14294,1356.9926,2292.3435,-43.204784,1270.6252,2276.84,916.0703,1306.3073,2289.8748,-52.168816,1254.5228,2293.1755,867.4276,1288.7344,2306.6882,-3.1578438,755.2853,2793.9712,425.11032,764.42175,2854.0183,-424.3525,1079.3008,2690.9136,1232.1853,1210.1702,2818.1846,-759.88513,904.2523,2996.1628,1929.9579,973.9971,3229.3213,-736.189,833.6899,3024.359,2002.8156,906.2734,3292.1597,-728.10504,999.48346,3034.9985,2061.266,1166.7413,3293.794,-811.1745
IMG_20210905_131628.jpg,down,1162.4458,2168.4548,169.38844,1140.5238,2119.26,143.6548,1132.9342,2115.9731,143.65837,1124.7428,2112.8413,143.63844,1150.5615,2128.0525,49.35199,1151.0538,2130.8975,49.132637,1150.9248,2133.1052,49.095425,1078.3622,2140.5366,143.56142,1119.9968,2151.714,-277.5772,1140.7256,2218.232,195.71231,1151.0231,2222.6375,73.512184,879.3197,2371.47,515.03827,1120.168,2424.0786,-537.3802,1088.4543,2594.1106,1087.8494,1386.5084,2606.909,-186.21623,1202.4327,2456.3792,1551.7277,1324.8712,2390.377,792.9957,1251.9148,2388.8125,1680.2317,1311.0533,2341.5444,866.2923,1236.4534,2388.778,1682.5306,1276.6826,2346.1526,889.4827,1221.101,2406.3147,1567.3503,1268.7029,2365.1958,830.25073,662.3326,2934.7732,352.47607,815.8501,3014.9104,-353.5937,993.1612,2832.3313,1416.6315,1315.5916,2869.9092,38.0922,943.7059,3196.4692,1723.601,1106.424,3346.6694,127.68524,883.1729,3258.3264,1765.0995,1045.8087,3435.0522,161.53076,1067.8799,3285.919,1922.9751,1308.2279,3373.985,338.13098
IMG_20210905_131639.jpg,down,1001.2381,2168.7388,616.74054,977.6409,2135.5913,526.2484,963.4205,2134.2175,526.2891,950.164,2133.333,526.3383,1017.6536,2140.7075,485.70795,1028.2802,2142.2324,485.57153,1038.2289,2143.5417,485.1635,930.08795,2151.9502,230.35176,1044.9788,2160.7664,48.281536,979.4669,2196.8726,539.5475,1020.8332,2204.9016,488.4224,778.59686,2349.2656,357.53564,1144.881,2391.881,-247.69713,824.5218,2548.3298,1005.3822,1258.4656,2583.871,195.42169,928.84796,2461.485,1682.6008,1126.8767,2477.405,1244.5875,926.2443,2454.971,1818.2594,1120.9374,2450.6948,1367.6631,948.8918,2443.555,1823.5498,1078.1047,2424.5935,1375.0383,961.0665,2450.5608,1702.3328,1067.8628,2435.2688,1273.6238,703.95605,2952.3037,292.2941,924.86755,2988.6265,-294.69528,745.5917,2848.7046,1591.2527,1248.9365,2808.8472,535.14655,704.30804,3172.1702,2011.9951,1149.0509,3259.4653,809.1323,679.8762,3250.5847,2069.5217,1115.529,3355.0344,859.3969,724.28516,3232.9775,2288.2402,1306.0382,3255.9734,1112.0715
IMG_20210905_131658.jpg,down,968.80023,2092.642,479.77048,961.04663,2053.5596,357.99954,954.905,2056.0405,358.06467,948.529,2059.1628,357.97626,985.5445,2049.1956,415.25516,998.3954,2048.2886,415.33322,1012.10443,2047.9022,415.28564,956.1031,2083.0288,-56.98508,1058.3553,2072.4805,195.60051,965.3003,2129.9407,349.8838,994.96136,2130.476,423.35226,904.03595,2320.9336,-471.25827,1270.6976,2269.3848,363.4558,702.35815,2525.2,-120.61952,1266.1454,2431.1616,813.4712,840.5564,2390.699,778.61176,1125.9965,2399.004,1370.712,858.54004,2351.697,817.61005,1094.8577,2391.1565,1466.6609,900.69,2338.73,797.9603,1079.1383,2378.2185,1501.213,908.0212,2354.8508,794.5468,1085.2401,2381.1685,1395.2206,1127.7434,2912.0051,-339.0652,1373.7123,2872.305,336.22928,766.31165,2784.7646,672.3425,1249.7361,2863.5706,1626.6819,882.8908,3230.2407,722.1937,1374.8369,3125.247,1697.4631,926.2962,3313.8723,759.0737,1403.8513,3192.0916,1713.0688,720.6354,3250.1123,1009.07135,1336.5083,3155.354,1878.5486
IMG_20210905_131709.jpg,down,897.39496,2311.3337,-128.54329,915.58606,2269.943,-246.09369,920.1008,2270.1702,-246.00403,925.0265,2270.268,-246.1829,916.8803,2268.3284,-121.663704,921.87823,2267.7878,-121.70663,927.3482,2266.8972,-121.580666,973.93146,2283.0625,-502.7653,981.1344,2279.5442,51.167233,918.0505,2356.865,-206.23001,922.10706,2358.2886,-46.264336,1011.65857,2531.4172,-812.07623,1141.8179,2496.8037,533.0245,691.6598,2707.7139,-509.84937,919.44836,2682.4624,892.63196,788.2372,2508.434,326.71454,821.3305,2520.7544,1023.5482,802.3401,2452.3232,312.82388,817.3722,2464.8472,1057.4198,835.5277,2454.4246,245.16063,848.1104,2457.2798,1063.2711,848.25037,2475.7822,322.4486,852.3358,2469.6348,1026.0991,1267.8035,3055.8787,-469.05795,1328.9539,2997.1863,469.15146,772.20874,3006.6282,-516.7327,962.7806,2849.618,1432.275,990.26337,3414.5544,-318.84824,1124.6318,3184.441,2002.8572,1059.8855,3510.9124,-282.61374,1193.4226,3232.8667,2056.979,794.4549,3473.998,-276.22037,993.0577,3244.3982,2134.3313
IMG_20210905_131218.jpg,up,1155.0931,1277.8022,-687.1127,1199.7268,1234.2977,-655.41705,1221.1554,1234.1411,-655.53467,1242.935,1234.947,-655.4354,1156.4501,1235.184,-582.7851,1146.2866,1235.579,-582.77374,1136.8635,1235.9937,-582.8091,1292.2188,1261.912,-363.2512,1166.5638,1251.637,-29.873255,1198.4701,1335.6608,-572.5991,1148.1764,1333.7938,-478.3722,1427.5387,1539.0361,-517.0676,1069.1519,1564.0972,420.7729,1320.8354,1798.2202,-1023.10376,884.5414,1863.0538,-201.03038,1050.1816,1561.4602,-1392.6305,908.2858,1622.1897,-1405.295,993.72943,1509.718,-1540.3146,911.43567,1555.5536,-1611.072,1006.223,1479.2987,-1529.0256,925.5947,1530.9371,-1572.7687,1026.3579,1494.562,-1388.5703,935.62054,1555.3304,-1429.4681,1341.2885,2273.1025,-356.6334,1122.765,2278.983,356.12555,1449.8071,2787.543,-590.3155,1164.559,2756.6428,891.7761,1541.4685,3340.8335,-518.58777,1139.3408,3180.9934,1682.5526,1568.3611,3425.308,-550.16113,1192.6166,3256.2725,1733.1239,1394.8748,3557.831,-1230.3513,937.5473,3307.3643,1355.0533
IMG_20210905_131218_1.jpg,up,1193.323,1276.5747,-699.0516,1237.4233,1227.334,-669.6926,1260.3499,1226.9308,-669.84875,1281.7493,1227.6545,-669.7652,1189.9675,1230.1758,-596.2364,1178.2131,1231.0736,-596.2315,1167.3927,1231.9763,-596.3766,1328.7017,1256.8263,-390.67505,1191.0115,1248.0237,-53.07419,1239.9055,1332.3267,-589.8825,1183.0625,1335.8837,-494.325,1452.1616,1525.3397,-551.93317,1095.2997,1563.7294,384.56992,1352.1957,1782.7307,-1078.8602,917.7577,1862.3417,-215.59785,1085.6656,1545.1489,-1490.1525,942.12524,1615.686,-1402.885,1030.7048,1496.6127,-1638.7511,948.11456,1548.9717,-1600.39,1039.592,1464.9,-1630.1968,958.92017,1527.5295,-1562.5232,1059.0938,1479.501,-1487.5938,969.00134,1550.096,-1425.8539,1369.487,2275.9524,-358.13138,1145.941,2283.055,357.68103,1468.5348,2783.2793,-585.8562,1178.0349,2759.0303,890.8036,1555.6775,3338.774,-529.57776,1163.2667,3180.488,1628.297,1591.0415,3427.4185,-562.5169,1214.0001,3260.1306,1673.9822,1430.8011,3543.2166,-1219.305,955.9645,3298.5369,1303.8812
IMG_20210905_131233.jpg,up,1256.2013,1228.3121,-1010.8795,1269.0127,1185.6138,-910.4261,1282.3501,1185.9149,-910.4596,1295.9148,1186.5764,-910.37103,1218.0535,1184.2668,-969.4241,1192.8289,1185.5605,-969.5027,1169.5833,1189.0,-969.5314,1300.8032,1207.4744,-303.71136,1131.036,1211.0269,-569.74347,1270.9485,1290.5646,-778.42267,1216.045,1298.8383,-856.4337,1409.9946,1492.2672,118.52238,1004.79706,1505.4672,-439.77634,1560.2935,1776.8096,-455.98276,995.69073,1821.514,-940.581,1386.1697,1543.2698,-1517.0865,1224.9822,1592.108,-1488.5328,1352.7031,1484.3792,-1720.2427,1274.2806,1524.0479,-1659.7606,1337.489,1457.3575,-1655.542,1270.1875,1493.0243,-1606.5378,1336.3542,1484.9435,-1519.4021,1257.2085,1522.8903,-1470.1138,1379.0414,2193.4336,165.69887,1144.0088,2197.591,-165.9131,1421.7247,2650.6826,448.6593,1043.4309,2675.8188,-190.8797,1473.7861,3030.9927,1551.2308,975.5969,3131.227,485.97995,1422.276,3096.377,1631.3152,980.2427,3174.8247,519.9166,1617.3826,3203.913,1101.4794,939.7769,3344.6648,-138.8309
IMG_20210905_131245.jpg,up,1213.7169,1244.7087,-934.498,1205.601,1199.7538,-846.5987,1211.2104,1199.053,-846.30524,1215.6486,1198.4507,-845.86633,1173.5502,1201.5714,-974.56036,1151.5266,1201.7434,-974.54333,1129.2345,1202.5985,-974.7347,1176.3608,1217.2197,-281.87265,1058.6107,1222.8829,-859.3837,1212.5189,1296.1722,-712.3363,1178.7646,1300.9916,-879.2653,1233.1191,1532.8119,256.32773,911.3977,1535.1268,-964.1588,1400.0907,1802.7454,-245.09564,1035.0963,1862.2167,-1020.1238,1375.4772,1554.2024,-1511.5775,1256.6785,1571.8447,-614.77124,1383.7758,1490.8779,-1740.0985,1304.1548,1513.8591,-662.60175,1348.465,1465.6759,-1670.7623,1289.7434,1483.084,-697.40094,1334.0226,1489.8938,-1531.2408,1271.0272,1506.9614,-600.61884,1229.8627,2243.0913,387.977,1040.6499,2245.4426,-389.27234,1214.5392,2673.854,1539.2166,963.6891,2725.6792,-379.6965,1250.8444,3043.8794,2738.7454,890.756,3228.504,-242.07277,1206.9064,3113.8447,2842.4695,856.24976,3296.1401,-256.76987,1454.6714,3147.212,2554.0535,999.5641,3477.1719,-862.72833
IMG_20210905_131245_1.jpg,up,1201.3824,1228.9712,-889.2485,1195.0073,1185.3208,-801.52783,1201.407,1184.8638,-801.3521,1206.5055,1184.5419,-800.9927,1160.4927,1187.65,-927.37897,1138.7213,1188.7477,-927.4061,1116.737,1191.0046,-927.63196,1171.0951,1206.0253,-246.10812,1049.1412,1213.9071,-815.1883,1201.8898,1282.8893,-670.2662,1166.2062,1288.1578,-834.64514,1230.3694,1517.1575,292.5978,901.32965,1519.762,-920.43225,1382.8646,1795.3846,-193.71773,1021.9159,1845.6945,-1074.1196,1364.7145,1547.4916,-1422.6044,1243.4033,1563.9291,-819.13025,1374.1841,1487.3778,-1644.5804,1291.4963,1505.7125,-888.1334,1345.9419,1459.2456,-1585.7004,1279.0205,1473.0568,-905.95374,1332.807,1481.5706,-1444.6489,1259.9797,1496.8717,-803.02856,1224.346,2218.414,388.41898,1033.806,2222.0168,-389.4844,1205.9838,2657.1309,1507.0789,951.8016,2722.2932,-389.15665,1246.9602,3024.655,2689.2651,888.1659,3222.0964,-271.9377,1208.6733,3098.1355,2789.621,858.5209,3285.7495,-288.76044,1459.7133,3130.367,2495.8926,977.59796,3446.4106,-897.5521
IMG_20210905_131259.jpg,up,1316.4988,1258.5292,-251.72693,1294.5552,1206.5685,-198.90054,1293.0586,1206.5707,-198.80965,1291.3789,1206.9402,-198.57657,1283.3281,1204.8749,-366.9708,1274.2484,1203.6051,-367.2559,1264.8176,1202.5314,-367.356,1238.008,1224.0592,154.97495,1200.7665,1224.0496,-597.9282,1307.0197,1304.1969,-99.21084,1293.914,1300.5496,-317.26874,1135.5579,1509.3491,719.59296,1145.1119,1497.7493,-916.442,1187.6624,1861.5182,517.8125,1308.6416,1861.4238,-676.4446,1322.9288,1743.0466,-374.54547,1437.3358,1624.8403,234.51662,1368.069,1717.29,-492.5511,1480.0188,1554.5543,264.03406,1370.7909,1686.2314,-495.07578,1456.4286,1527.5864,202.20084,1344.5851,1697.2574,-416.2166,1433.3693,1555.1191,248.05792,1140.7919,2245.8008,531.62286,1157.9631,2254.478,-532.32404,1132.8665,2690.3794,1430.3789,1086.0623,2794.9392,-608.3594,1040.7338,3085.5498,2199.4985,1028.4491,3388.1846,-797.7874,991.66736,3129.2896,2258.2632,973.3557,3482.0188,-839.87463,1236.4668,3142.028,2172.0947,1269.4803,3520.0789,-1258.256
IMG_20210905_131309.jpg,up,1283.4724,1356.4484,-61.790794,1258.0662,1306.4122,-46.22899,1251.6146,1305.4084,-46.21453,1244.1393,1304.1083,-46.19432,1263.8715,1306.2709,-195.9274,1261.931,1305.1387,-196.01527,1259.366,1303.9293,-196.09016,1184.856,1323.4731,110.50268,1213.6406,1322.3977,-560.6789,1266.9764,1400.6735,23.963068,1270.7231,1400.144,-170.33943,1026.487,1623.2292,575.3857,1249.8204,1613.7156,-838.32074,1280.9773,1886.6086,1131.9447,1498.6047,1884.3368,-555.153,1396.29,1717.985,1427.9879,1465.4941,1674.0017,376.82684,1431.0679,1633.618,1513.7865,1459.4321,1590.486,436.68167,1401.8264,1619.2621,1514.9855,1420.9515,1585.0953,415.30136,1381.695,1656.4169,1428.7002,1405.176,1618.1788,401.31424,1114.455,2322.8467,430.02734,1279.5247,2330.1929,-430.35602,1070.0748,2754.5957,1256.8861,1258.796,2832.9033,-233.00934,1047.8683,3156.9333,1994.1289,1256.7532,3421.1,-198.13896,1014.018,3233.2004,2058.842,1201.4325,3524.3115,-209.37155,1190.1036,3184.153,2021.1095,1497.0996,3485.1538,-477.2706
IMG_20210905_131315.jpg,up,1247.2454,1259.4061,502.1354,1219.8441,1215.3021,426.06598,1207.66,1213.5704,426.09912,1195.0862,1212.1293,426.09363,1240.364,1217.499,339.63403,1243.7589,1217.1356,339.51105,1246.8579,1216.7085,339.14478,1151.7617,1234.563,230.35522,1228.1,1232.788,-157.41812,1226.3451,1297.7322,466.56454,1246.4524,1300.1199,353.19397,958.2638,1498.3837,455.07715,1314.6364,1501.8656,-471.47345,1095.212,1743.1107,1092.0807,1516.2423,1761.8483,-72.524025,1195.4384,1645.399,1760.0305,1393.6105,1623.8022,918.0925,1200.2251,1623.8253,1898.8651,1392.4847,1561.4749,1035.878,1220.6162,1602.4308,1909.1309,1331.5624,1531.6708,1015.49506,1231.5105,1613.4551,1781.1206,1320.6412,1552.3768,946.2888,1029.73,2186.0583,331.76053,1222.128,2199.1187,-332.5025,964.1612,2635.2935,828.7242,1244.2053,2713.0217,-190.87958,921.67426,3040.8562,1193.8457,1268.8269,3227.8765,-222.6024,892.3477,3135.8616,1228.4283,1226.883,3337.9907,-227.8669,1041.173,3021.1587,1225.6771,1490.37,3271.3196,-377.73206
IMG_20210905_131322.jpg,up,1224.4836,1145.4048,764.52625,1203.7395,1109.287,634.6543,1189.6674,1109.2579,634.6836,1175.588,1110.3121,634.5436,1244.7725,1111.3704,604.69073,1258.4265,1112.5197,604.6271,1272.556,1114.3885,604.0761,1156.7565,1139.585,229.9182,1296.6338,1142.061,96.27109,1206.9901,1185.5647,653.67053,1251.0071,1187.947,614.32996,1011.166,1400.7755,229.11977,1421.6036,1418.6337,-194.73203,1078.2861,1669.3687,793.7478,1508.5066,1724.9967,211.4339,1171.408,1569.094,1636.5604,1389.7129,1597.2178,1176.0868,1183.0712,1549.864,1775.8252,1371.097,1575.3439,1310.2115,1215.2045,1524.0839,1792.1863,1336.3018,1554.0608,1305.7383,1226.811,1533.6659,1665.2426,1341.4132,1557.5186,1202.6545,1068.4176,2074.887,179.49059,1302.0725,2083.0115,-179.92178,1001.3543,2504.9263,424.84534,1334.0496,2558.4495,108.9713,900.8148,2940.4692,547.3224,1382.154,3066.3105,222.8128,895.17786,3025.0068,563.6752,1353.3896,3177.7832,236.36736,934.54626,2946.8784,553.34546,1531.1412,3058.7078,162.55556
IMG_20210905_131330.jpg,up,1366.7538,1124.7744,743.8645,1345.3375,1088.7545,561.96265,1330.1725,1089.4592,561.887,1315.6007,1091.0608,561.88873,1390.358,1088.7969,586.5909,1405.9299,1089.1862,586.6314,1422.2924,1090.3165,586.08716,1299.5806,1119.717,-0.45058843,1456.5739,1122.8788,98.88994,1341.8461,1167.2092,581.3672,1393.1663,1166.9845,608.08295,1159.3175,1386.3209,-194.33006,1605.1766,1406.2943,-9.074988,1049.5308,1652.9432,398.75162,1608.1829,1657.6664,551.57666,1150.423,1517.048,1377.5621,1440.0859,1544.9594,1614.2352,1160.0038,1491.7838,1500.475,1390.7722,1532.4834,1791.3358,1195.7839,1469.43,1499.7378,1360.3921,1506.8398,1781.745,1206.5854,1482.9011,1407.189,1390.093,1521.9492,1640.9746,1204.6427,2104.2363,-30.256025,1464.637,2111.7275,29.132967,1158.9492,2579.7415,15.702176,1548.169,2556.1406,502.4392,1070.6295,3093.5806,-61.74653,1610.7935,3020.1943,676.21515,1063.5933,3184.4683,-61.714283,1595.1765,3121.369,699.3438,1045.238,3056.9739,-79.2376,1632.1359,2997.0393,741.63245
IMG_20210905_131336.jpg,up,1008.628,1172.2961,598.40216,1013.80304,1126.6272,399.10858,1009.42474,1127.4257,398.9619,1005.03424,1128.4786,398.8568,1036.771,1122.6293,487.52032,1048.4817,1120.8429,487.51053,1061.2666,1119.7651,486.85745,1029.719,1148.8472,-214.73537,1114.8285,1145.7433,171.24023,1012.32074,1215.0016,417.91193,1038.7606,1213.0809,526.8518,977.41327,1411.7772,-571.1662,1355.6356,1396.922,296.06613,781.9178,1729.1228,-41.8082,1371.6437,1731.1044,876.6427,772.961,1626.8933,959.28644,1216.402,1890.0693,1498.2429,750.3804,1614.228,1001.1606,1191.7317,1940.4479,1593.058,786.2985,1579.351,973.55475,1182.6997,1915.1351,1547.3623,811.143,1587.7689,979.9999,1180.6606,1895.0577,1498.3802,1109.0693,2202.3542,-351.38647,1359.3319,2177.5842,350.42896,1004.67285,2708.1033,-194.42757,1381.1456,2583.3428,1119.1257,1022.4396,3300.1396,-80.006584,1450.4635,3059.5188,1602.5474,1069.5941,3429.155,-58.436718,1461.1981,3147.4385,1658.6659,804.3124,3313.7212,-110.800285,1367.2391,3084.289,1695.4489
IMG_20210905_131342.jpg,up,1062.465,1171.4363,-211.18645,1091.7064,1124.5825,-347.41547,1094.7456,1125.3247,-347.38464,1098.1471,1126.4393,-347.2782,1097.4681,1123.1653,-218.82146,1104.1715,1122.7297,-218.70364,1111.424,1122.6025,-218.9211,1146.6036,1159.0675,-657.3012,1168.6329,1158.9904,-88.5713,1072.6581,1228.6454,-290.24503,1076.2344,1225.9181,-127.12918,1093.0343,1437.6979,-942.0459,1304.3181,1464.4219,312.22684,808.9951,1668.4543,-562.41003,1228.6525,1789.7114,612.2137,883.10815,1490.3538,361.63364,1082.0046,1915.9446,534.89813,887.7781,1431.2618,329.47964,1057.2474,1964.9906,544.1407,938.5662,1421.8624,301.79163,1047.7448,1940.838,441.8673,950.588,1443.2206,375.37476,1049.1499,1924.9944,493.13336,1128.2563,2213.4587,-427.0987,1286.8323,2192.0955,426.50476,1117.8632,2701.8806,-30.285763,1316.0853,2572.7368,1563.6017,1104.177,3237.3315,234.85242,1310.4788,2980.5376,2462.8555,1151.5016,3340.7415,254.65115,1332.8718,3052.2087,2551.9243,857.6643,3310.2026,83.792336,1173.1062,2985.6528,2613.7163
IMG_20210905_131453.jpg,up,1216.6024,1083.4655,-1066.2797,1260.0382,1032.248,-1082.6765,1282.7478,1031.0311,-1082.7072,1306.5634,1030.7399,-1082.9464,1224.5905,1033.1433,-949.8486,1218.6931,1032.4863,-949.6843,1213.6455,1031.5518,-949.8251,1377.5621,1059.3661,-896.9819,1269.1683,1052.7522,-299.125,1261.3265,1155.2644,-978.66205,1221.8756,1151.543,-808.1065,1454.6433,1382.4055,-998.3703,1292.3903,1381.459,397.35852,1212.6183,1688.5557,-776.8907,1187.5021,1730.5837,451.0176,1047.4673,1397.5256,-74.930115,1176.6337,1887.7819,-198.36597,1000.8757,1353.4155,-77.322624,1169.9453,1945.5745,-275.13174,1024.9156,1325.4064,-84.90522,1186.3829,1905.7644,-347.44537,1046.1815,1340.2042,-45.62557,1195.9481,1886.9102,-251.03084,1385.0333,2173.4348,-475.59286,1254.66,2158.9043,475.0732,1442.1237,2714.1057,-523.5855,1319.6542,2607.684,1452.3967,1462.8093,3268.8442,-408.35995,1351.1067,2991.362,2600.427,1520.2333,3393.0654,-420.9692,1394.5814,3069.6943,2697.865,1238.6853,3474.2656,-1013.6174,1120.0482,3090.954,2540.1995
IMG_20210905_131457.jpg,up,1689.9067,302.59473,-1049.015,1750.7102,257.4827,-1101.5037,1769.6222,261.10773,-1101.6903,1792.3943,266.36212,-1101.7612,1721.5422,249.7777,-961.9318,1718.149,246.99515,-962.09564,1715.17,244.38197,-962.13904,1858.8253,320.09836,-1046.2219,1774.1697,287.89377,-420.82382,1709.8748,385.17758,-1010.9287,1680.5532,370.95087,-831.9651,1964.5892,671.72784,-1254.6675,1648.8042,654.07886,269.53174,1726.2489,1053.5225,-1111.8309,1493.6329,1060.5327,-314.80853,1483.808,751.86646,-487.78018,1434.8958,815.1639,-1789.8529,1432.9487,680.10205,-511.52426,1412.0597,744.72473,-1999.8743,1462.9536,637.6017,-526.7489,1427.2385,704.9295,-1966.0079,1485.929,653.12915,-454.85294,1448.6112,727.34656,-1826.8677,1792.9221,1516.1423,-476.95032,1622.4368,1478.8768,476.17673,1766.2828,2063.0867,-99.29155,1628.3472,1966.2273,1615.7354,1801.7705,2540.7712,417.35623,1610.7424,2258.644,2952.0618,1854.6697,2637.4963,436.45486,1649.24,2327.3145,3067.8418,1584.5825,2680.815,-153.05304,1378.9598,2346.2341,2885.6238
IMG_20210905_131502.jpg,up,1158.2548,1283.9325,-838.66315,1197.2026,1237.797,-827.67883,1217.1262,1237.1184,-827.8992,1237.4806,1236.6667,-827.91907,1152.8196,1241.0284,-746.3388,1141.4851,1242.192,-746.3238,1130.6588,1243.7836,-746.4611,1290.4686,1263.7993,-576.2643,1152.8999,1264.9132,-199.62195,1205.4344,1336.2104,-733.8534,1150.5125,1340.6321,-627.1115,1436.7036,1529.4266,-689.7137,1090.259,1560.544,292.02707,1343.7656,1801.7358,-1065.1671,946.58545,1855.7753,-301.59604,1073.0742,1584.9258,-1245.4413,953.07654,1595.3405,-1519.0295,1010.6995,1538.8362,-1356.3269,944.3569,1533.4764,-1719.837,1021.27325,1507.9536,-1361.6217,957.6039,1514.3688,-1692.0542,1040.968,1521.839,-1239.2136,971.7193,1539.304,-1550.3176,1366.1256,2287.971,-338.34314,1158.6128,2296.9326,338.04263,1459.3036,2776.9424,-418.15097,1159.2938,2747.3044,983.21405,1546.1921,3292.7896,-218.98654,1154.103,3148.506,1826.6196,1581.8888,3374.8018,-239.67761,1216.9545,3221.079,1881.7039,1412.2471,3510.0327,-895.1408,955.12494,3272.8652,1544.4495
IMG_20210905_131516.jpg,up,1208.1572,1317.1494,-457.02438,1249.694,1272.4689,-439.27744,1273.2782,1271.9468,-439.30634,1299.1606,1272.4811,-439.2235,1206.4517,1273.6885,-359.97693,1198.1843,1274.5521,-360.0233,1190.7089,1275.6995,-360.0886,1352.4756,1302.415,-236.34978,1208.3079,1293.3716,131.22559,1250.5398,1375.798,-375.8726,1198.7904,1377.2407,-271.6869,1461.3408,1567.5133,-411.3391,1132.7632,1587.6343,486.56366,1353.8236,1799.3904,-870.4618,943.05804,1854.1749,-145.3876,1113.3523,1558.9008,-1066.6941,983.7223,1618.5181,-1221.7612,1060.1603,1513.8365,-1182.2604,984.4944,1568.1089,-1411.4932,1069.2869,1487.3264,-1166.822,997.7721,1550.8817,-1354.8954,1089.2642,1502.9436,-1059.4067,1007.5301,1571.391,-1239.605,1364.7468,2302.757,-329.06992,1155.0679,2307.9507,328.46664,1477.0892,2773.9307,-485.89548,1194.6443,2766.0466,755.58984,1545.3574,3299.379,-378.411,1172.6431,3160.1963,1413.0461,1584.0267,3377.286,-403.618,1207.7699,3231.1467,1452.579,1412.6749,3519.3486,-1021.1428,968.35657,3290.1626,1128.9785
IMG_20210905_131537.jpg,up,1245.0366,1145.0408,-877.3949,1266.1273,1101.1716,-762.05347,1279.9296,1100.7756,-762.09753,1296.0933,1101.0486,-762.1555,1208.457,1102.3011,-805.64606,1185.61,1103.6371,-805.6524,1165.5771,1105.2876,-805.63055,1312.2942,1124.2523,-115.60646,1129.7043,1133.1523,-311.60645,1274.7068,1197.346,-633.42303,1204.9938,1196.1962,-692.24,1412.1366,1426.064,230.61592,999.2591,1429.265,-227.25005,1572.0573,1692.9329,-521.5998,986.47986,1717.8336,-968.1408,1412.2135,1438.385,-1595.217,1249.4404,1462.8784,-1700.83,1369.0662,1371.9175,-1811.189,1307.7302,1396.5859,-1909.2635,1354.1116,1353.4271,-1713.1014,1309.2535,1375.701,-1817.8324,1351.3976,1378.053,-1585.9554,1296.6249,1400.6161,-1675.2363,1387.4581,2123.2668,118.22883,1138.3429,2135.7214,-118.42992,1432.5071,2627.5288,221.72539,1053.1624,2680.8748,-229.47226,1514.8037,3033.2163,1503.3284,1016.21246,3153.4524,598.58295,1468.8376,3097.1719,1603.7104,1027.1788,3200.0386,646.5637,1658.5005,3204.7341,1023.97406,1010.0416,3378.7449,-74.43313
IMG_20210905_131547.jpg,up,1239.8402,1335.4268,-712.0577,1235.5479,1293.5116,-617.5215,1240.8213,1293.3995,-617.4777,1245.1793,1293.7598,-617.304,1204.1998,1294.5092,-722.10156,1186.5189,1294.7867,-722.19147,1166.0648,1295.3009,-722.3931,1215.3461,1317.1455,-67.736565,1100.3236,1317.6467,-541.3304,1240.3641,1386.9731,-500.20285,1208.024,1389.7638,-637.3707,1306.4894,1591.7158,422.6995,978.8839,1578.2375,-706.9636,1470.4989,1840.8479,-82.21813,1071.6047,1829.5388,-1115.045,1414.0168,1622.0631,-1158.3474,1293.5771,1610.716,-1093.6693,1411.7039,1565.2014,-1351.578,1341.7777,1566.5065,-1194.4008,1385.9725,1537.3315,-1297.6738,1333.6678,1538.2314,-1184.742,1374.3796,1560.0,-1175.3688,1316.6027,1557.8707,-1076.827,1293.7988,2246.0579,369.552,1104.043,2252.1084,-370.10095,1269.5206,2696.416,1118.6204,1028.0474,2744.2314,-486.47583,1315.1017,3064.9556,2101.5718,983.2995,3232.1929,-365.23218,1272.3759,3130.9148,2180.0168,950.26855,3293.3616,-380.45764,1501.6952,3170.5627,1882.2676,1083.7687,3441.6238,-959.7981
IMG_20210905_131613.jpg,up,1207.3461,1381.178,-621.88965,1198.2953,1342.9675,-545.5491,1203.6741,1342.6821,-545.5374,1208.2203,1342.917,-545.36816,1170.21,1346.0336,-671.98694,1152.9214,1348.0187,-672.0128,1135.7681,1350.57,-672.1231,1181.7324,1365.2672,-77.85207,1082.1226,1375.0052,-641.19946,1210.726,1426.8444,-435.52765,1183.3447,1436.2377,-598.43256,1201.0287,1627.699,461.37622,1015.3826,1616.7488,-857.9197,1372.3691,1854.5378,101.65744,1201.3696,1860.558,-880.28217,1405.2863,1672.5735,-975.88727,1346.9823,1660.6129,-390.17908,1416.8505,1624.9572,-1161.9635,1381.0142,1616.3545,-433.86002,1392.866,1599.9818,-1125.183,1362.2598,1589.1866,-483.02686,1379.4323,1616.9355,-1004.62213,1347.7643,1604.98,-385.663,1221.5762,2252.3145,432.03952,1097.3992,2263.312,-432.72522,1174.4185,2642.9617,1330.554,1060.1987,2708.973,-455.2702,1175.5166,3003.921,2226.2537,1025.1047,3198.3914,-454.13272,1137.3335,3057.289,2299.4307,984.6888,3266.1196,-481.92572,1381.091,3052.6614,2094.1348,1200.5186,3355.3394,-963.81067
IMG_20210905_131618.jpg,up,1062.1777,1495.9639,-205.94652,1039.1844,1452.877,-160.84894,1037.5121,1452.4052,-160.8114,1035.7097,1452.3295,-160.5988,1030.488,1453.9995,-317.2812,1022.97455,1454.1399,-317.5474,1014.51404,1454.2451,-317.7076,993.78827,1468.6869,128.86128,960.3087,1474.4286,-569.52356,1054.2253,1532.5852,-78.04997,1044.3115,1532.2644,-280.1985,912.16626,1718.2664,618.3503,950.2356,1713.3076,-873.4895,1001.90344,1956.9188,574.16864,1143.1752,1954.7045,-662.03094,1168.309,1821.7172,-32.601307,1222.5352,1763.2716,209.79779,1201.9006,1758.9418,-99.181076,1239.9207,1708.4281,235.90341,1169.1316,1746.9501,-113.066536,1207.0298,1693.4391,198.37823,1154.4161,1764.6051,-69.55472,1196.8528,1711.374,228.18959,978.40485,2333.671,468.07434,1006.6581,2350.4526,-468.67993,992.055,2719.1594,1067.3082,984.38684,2797.756,-369.89398,958.2781,3078.1667,1634.2483,989.0329,3279.819,-330.6945,911.2074,3126.7292,1674.7719,953.7989,3382.0361,-347.6166,1102.9003,3129.8154,1586.0018,1183.0936,3338.7925,-658.8447
IMG_20210905_131625.jpg,up,1067.8253,1259.3096,219.75642,1042.2549,1214.3523,188.849,1033.273,1213.1361,188.88564,1023.7799,1212.064,189.13162,1052.6948,1213.9772,59.08473,1051.8257,1212.6115,58.792805,1050.2365,1211.108,58.441807,964.44885,1234.2366,147.0012,1016.5329,1230.6019,-433.7038,1052.9177,1306.0679,238.29439,1060.967,1306.8658,71.115776,780.4776,1530.6201,442.20004,1090.0782,1511.9569,-724.3609,860.3813,1869.6409,913.71265,1328.9026,1805.0516,-377.986,940.9405,1993.845,1147.2396,1246.1641,1569.1423,543.78815,946.8518,2032.8444,1218.423,1243.5107,1501.9817,612.8345,956.3626,2006.5319,1181.086,1204.4326,1495.8567,573.17126,963.00586,1988.426,1132.804,1188.9517,1523.229,560.01843,854.3597,2244.5984,386.66882,1065.0354,2253.2324,-387.61206,805.3405,2645.879,966.2193,1058.1844,2736.956,-91.69207,758.07336,3076.3206,1518.9265,1055.359,3292.487,119.25876,724.0796,3169.2117,1564.7667,1008.7397,3405.7258,128.9166,919.8655,3064.2651,1545.4825,1288.9043,3330.128,-76.98415
IMG_20210905_131635.jpg,up,1032.344,1392.62,850.18384,1011.6079,1351.5609,702.774,997.2599,1352.0955,702.8524,982.92694,1353.1469,702.74634,1050.05,1351.1029,689.0369,1062.1882,1351.5624,688.8472,1073.455,1352.1718,688.208,963.01355,1379.8967,219.20059,1090.0183,1375.8613,159.8361,1011.94745,1431.8284,709.63666,1053.4609,1431.2856,691.18555,819.28357,1617.9081,187.51347,1214.6023,1624.7797,-117.34908,897.83325,1846.6992,715.9072,1326.5084,1900.722,340.7703,1001.8432,1774.5237,1566.5562,1193.1512,1758.1992,1329.0586,1011.14764,1771.2294,1707.7009,1190.2084,1765.811,1486.8777,1035.4113,1746.9276,1727.838,1145.9237,1741.1838,1466.1655,1047.4691,1751.1262,1598.0824,1141.0416,1752.2334,1351.3552,901.7166,2293.78,180.28221,1146.1648,2293.1472,-181.16649,817.3097,2689.3962,513.49274,1149.89,2731.1992,37.363556,732.1875,3146.6248,710.5207,1193.8262,3254.1453,6.1420493,736.5645,3229.8542,735.99713,1160.0902,3356.9138,7.931441,773.0483,3190.5754,738.507,1335.8702,3254.8057,-62.767776
IMG_20210905_131644.jpg,up,1090.3688,1245.4518,838.769,1069.9824,1207.2012,665.473,1054.8749,1208.4855,665.51587,1038.4535,1210.3354,665.239,1114.3274,1205.4637,673.32776,1129.6809,1205.5266,673.2822,1146.9246,1206.0604,672.6902,1014.34796,1238.4553,88.377975,1176.8665,1238.9724,126.249405,1067.5247,1290.1129,667.0586,1117.4111,1290.5967,677.056,866.0224,1505.6082,13.118991,1333.0283,1526.9521,-119.990875,899.0958,1839.9001,508.78967,1336.1631,1859.9485,383.31168,1039.5919,1753.6191,1323.3741,1263.3014,1840.8597,1340.0225,1057.527,1756.388,1424.2699,1253.1598,1838.238,1481.8672,1094.562,1726.7632,1435.9645,1222.9639,1801.6306,1450.16,1103.8035,1729.3705,1348.4532,1210.3536,1800.4471,1354.1505,933.6551,2231.963,68.67702,1197.3859,2233.7188,-68.93837,870.1232,2695.3691,200.36877,1252.7505,2673.6985,453.61002,764.228,3176.1785,210.63054,1322.4412,3178.6853,717.2028,735.54565,3256.125,217.17725,1310.629,3281.9458,751.82947,773.3054,3171.5295,163.23477,1406.6505,3135.355,746.22784
IMG_20210905_131655.jpg,up,1109.2477,1217.4635,648.1032,1099.5366,1177.22,459.4972,1089.7876,1178.2332,459.3784,1079.915,1180.0199,459.28903,1133.9229,1175.291,523.7855,1148.955,1175.1892,523.8352,1165.2048,1176.1594,523.3224,1082.3494,1207.1353,-122.919174,1210.5068,1210.3656,152.37529,1101.4541,1260.0375,477.8355,1135.8143,1262.1494,555.2031,968.7149,1470.0459,-355.71402,1409.4209,1478.798,146.47652,801.90466,1752.5254,157.37355,1363.823,1784.3522,760.4883,823.00793,1602.3904,1119.4652,1167.0621,1768.4971,1618.9042,809.91766,1574.4661,1204.1953,1122.2354,1776.1787,1754.9869,850.28595,1546.9823,1189.6244,1110.9064,1752.8264,1729.1346,868.3186,1564.143,1144.8695,1112.0829,1751.4912,1633.2085,1022.0157,2217.546,-163.10287,1275.1665,2215.8237,161.63705,998.1839,2736.9785,-41.787365,1363.2168,2664.236,643.5663,916.8026,3286.1638,-94.28072,1424.9393,3136.5273,863.369,926.9669,3398.8735,-90.67415,1415.2078,3231.2417,893.7909,785.20667,3248.971,-97.31314,1375.5885,3108.7493,949.2008
IMG_20210905_131705.jpg,up,1062.2081,1493.6193,250.30531,1075.3873,1451.7471,86.1916,1075.7994,1450.9877,86.130135,1076.4401,1450.7891,86.18515,1086.0864,1451.5168,196.8408,1093.8169,1450.1682,196.95242,1102.2219,1449.2668,196.70844,1119.9828,1472.3843,-381.17688,1159.2441,1474.423,109.79528,1071.2634,1538.0876,115.59388,1080.2078,1537.3137,256.35,1042.2395,1713.08,-735.7411,1316.3013,1747.8811,337.033,820.3258,1928.9666,-525.0273,1205.779,2036.6119,486.76648,912.9029,1773.9952,82.17436,1018.90894,2147.0298,319.70462,908.36255,1713.0939,30.27457,982.14325,2183.939,318.3102,947.1412,1698.3359,13.927685,969.37146,2166.1467,227.91107,955.5504,1718.9103,90.06091,974.5515,2152.789,278.19644,1043.5321,2400.7969,-386.4399,1218.6562,2395.0232,385.65182,1040.1537,2871.625,-146.59525,1262.539,2770.5027,1130.9039,984.39075,3367.443,2.2078311,1271.4293,3159.7886,1724.4119,1023.49994,3467.0596,14.435009,1281.8188,3231.6658,1787.7786,771.2576,3417.4941,-157.84488,1104.9722,3165.4082,1778.3308
